{"cameraMode":{"drawMode":0,"name":"Shaded","section":"Shading Mode"},"sceneLighting":false,"audioPlay":false,"sceneViewState":{"showFog":false,"showMaterialUpdate":false,"showSkybox":false,"showFlares":true,"showImageEffects":true,"showParticleSystems":true},"in2DMode":false,"pivot":{"x":-0.0224609375,"y":2.562255859375,"z":-0.91748046875},"rotation":{"x":0.08628574758768082,"y":0.3895361125469208,"z":-0.036684613674879077,"w":0.916226327419281},"size":5.752437114715576,"orthographic":true}