{"cameraMode":{"drawMode":0,"name":"Shaded","section":"Shading Mode"},"sceneLighting":false,"audioPlay":false,"sceneViewState":{"showFog":false,"showMaterialUpdate":false,"showSkybox":false,"showFlares":true,"showImageEffects":true,"showParticleSystems":true},"in2DMode":false,"pivot":{"x":-0.1490136682987213,"y":0.11259089410305023,"z":-0.2158203125},"rotation":{"x":0.3728712797164917,"y":0.17381185293197633,"z":-0.07132431864738465,"w":0.9086634516716003},"size":8.92423152923584,"orthographic":true}