{"cameraMode":{"drawMode":0,"name":"Shaded","section":"Shading Mode"},"sceneLighting":false,"audioPlay":false,"sceneViewState":{"showFog":false,"showMaterialUpdate":false,"showSkybox":false,"showFlares":true,"showImageEffects":true,"showParticleSystems":true},"in2DMode":false,"pivot":{"x":-0.10000002384185791,"y":0.25,"z":0.15000009536743165},"rotation":{"x":0.14076454937458039,"y":0.25958502292633059,"z":-0.03827653080224991,"w":0.9546391367912293},"size":4.099321365356445,"orthographic":true}