{"cameraMode":{"drawMode":0,"name":"Shaded","section":"Shading Mode"},"sceneLighting":false,"audioPlay":false,"sceneViewState":{"showFog":false,"showMaterialUpdate":false,"showSkybox":false,"showFlares":true,"showImageEffects":true,"showParticleSystems":true},"in2DMode":false,"pivot":{"x":0.10877668857574463,"y":1.7823935747146607,"z":-0.16776961088180543},"rotation":{"x":0.40010809898376467,"y":0.18490661680698396,"z":-0.08277347683906555,"w":0.8937961459159851},"size":6.988287448883057,"orthographic":true}