{"cameraMode":{"drawMode":0,"name":"Shaded","section":"Shading Mode"},"sceneLighting":false,"audioPlay":false,"sceneViewState":{"showFog":true,"showMaterialUpdate":false,"showSkybox":false,"showFlares":true,"showImageEffects":true,"showParticleSystems":true},"in2DMode":false,"pivot":{"x":-0.172119140625,"y":1.50341796875,"z":-0.904296875},"rotation":{"x":0.04122292995452881,"y":-0.08830883353948593,"z":0.0036678481847047807,"w":0.9952329993247986},"size":6.017630100250244,"orthographic":true}