{"cameraMode":{"drawMode":0,"name":"Shaded","section":"Shading Mode"},"sceneLighting":false,"audioPlay":false,"sceneViewState":{"showFog":true,"showMaterialUpdate":false,"showSkybox":false,"showFlares":true,"showImageEffects":true,"showParticleSystems":true},"in2DMode":false,"pivot":{"x":-0.16552734375,"y":0.65228271484375,"z":-1.0810546875},"rotation":{"x":0.04122293367981911,"y":-0.08830884099006653,"z":0.0036678484175354244,"w":0.9952330589294434},"size":6.017630100250244,"orthographic":true}