{"cameraMode":{"drawMode":0,"name":"Shaded","section":"Shading Mode"},"sceneLighting":false,"audioPlay":false,"sceneViewState":{"showFog":true,"showMaterialUpdate":false,"showSkybox":false,"showFlares":true,"showImageEffects":true,"showParticleSystems":true},"in2DMode":false,"pivot":{"x":-0.249755859375,"y":1.40380859375,"z":-0.8876953125},"rotation":{"x":0.24858520925045014,"y":-0.11013289541006088,"z":0.02847200073301792,"w":0.9619072079658508},"size":5.076657295227051,"orthographic":true}